{
  "uid" : "83edc06c07f9ae9e47eb6dd1b683e4e2",
  "name" : "packages",
  "children" : [ {
    "name" : "com.yc.qa.mobile.test.BrowserTest",
    "children" : [ {
      "name" : "titleValidationTest",
      "uid" : "d80f89f24e4c4caf",
      "parentUid" : "bd53eb920e4847688985eab2b56d1bdc",
      "status" : "passed",
      "time" : {
        "start" : 1659570196342,
        "stop" : 1659570202117,
        "duration" : 5775
      },
      "flaky" : false,
      "newFailed" : false,
      "parameters" : [ "IOSDriver: Safari on IOS (454d7453-f907-4bd4-9542-d40f0a00c9f2)" ]
    }, {
      "name" : "titleValidationTest",
      "uid" : "ef6d85bbb16e33ea",
      "parentUid" : "bd53eb920e4847688985eab2b56d1bdc",
      "status" : "passed",
      "time" : {
        "start" : 1659570196342,
        "stop" : 1659570201524,
        "duration" : 5182
      },
      "flaky" : false,
      "newFailed" : false,
      "parameters" : [ "AndroidDriver: Chrome on ANDROID (fe15ffbf-e04f-4cc6-9272-66530946b052)" ]
    } ],
    "uid" : "com.yc.qa.mobile.test.BrowserTest"
  } ]
}