{
  "uid" : "98d3104e051c652961429bf95fa0b5d6",
  "name" : "suites",
  "children" : [ {
    "name" : "Surefire suite",
    "children" : [ {
      "name" : "Surefire test",
      "children" : [ {
        "name" : "com.yc.qa.mobile.test.BrowserTest",
        "children" : [ {
          "name" : "titleValidationTest",
          "uid" : "d80f89f24e4c4caf",
          "parentUid" : "9a2ef9db524891b85395b31e6abe00ec",
          "status" : "passed",
          "time" : {
            "start" : 1659570196342,
            "stop" : 1659570202117,
            "duration" : 5775
          },
          "flaky" : false,
          "newFailed" : false,
          "parameters" : [ "IOSDriver: Safari on IOS (454d7453-f907-4bd4-9542-d40f0a00c9f2)" ]
        }, {
          "name" : "titleValidationTest",
          "uid" : "ef6d85bbb16e33ea",
          "parentUid" : "9a2ef9db524891b85395b31e6abe00ec",
          "status" : "passed",
          "time" : {
            "start" : 1659570196342,
            "stop" : 1659570201524,
            "duration" : 5182
          },
          "flaky" : false,
          "newFailed" : false,
          "parameters" : [ "AndroidDriver: Chrome on ANDROID (fe15ffbf-e04f-4cc6-9272-66530946b052)" ]
        } ],
        "uid" : "9a2ef9db524891b85395b31e6abe00ec"
      } ],
      "uid" : "1fcb2e6ec8e5b5e8a1f2a70b87c80b24"
    } ],
    "uid" : "940a09faf31371a51747026c9d178f0a"
  } ]
}