{
  "uid" : "ab17fc5a4eb3bca4b216b548c7f9fcbc",
  "name" : "timeline",
  "children" : [ {
    "name" : "yms.local",
    "children" : [ {
      "name" : "18421@yms.local.TestNG-PoolService-1(36)",
      "children" : [ {
        "name" : "titleValidationTest",
        "uid" : "ef6d85bbb16e33ea",
        "parentUid" : "1ce976020f959c188fb6cddbb5c7a2bc",
        "status" : "passed",
        "time" : {
          "start" : 1659570196342,
          "stop" : 1659570201524,
          "duration" : 5182
        },
        "flaky" : false,
        "newFailed" : false,
        "parameters" : [ "AndroidDriver: Chrome on ANDROID (fe15ffbf-e04f-4cc6-9272-66530946b052)" ]
      } ],
      "uid" : "1ce976020f959c188fb6cddbb5c7a2bc"
    }, {
      "name" : "18421@yms.local.TestNG-PoolService-0(35)",
      "children" : [ {
        "name" : "titleValidationTest",
        "uid" : "d80f89f24e4c4caf",
        "parentUid" : "f8e43a2b938d3ac929670c0a5078877e",
        "status" : "passed",
        "time" : {
          "start" : 1659570196342,
          "stop" : 1659570202117,
          "duration" : 5775
        },
        "flaky" : false,
        "newFailed" : false,
        "parameters" : [ "IOSDriver: Safari on IOS (454d7453-f907-4bd4-9542-d40f0a00c9f2)" ]
      } ],
      "uid" : "f8e43a2b938d3ac929670c0a5078877e"
    } ],
    "uid" : "56defb682adb10ac9188bf46a2ed6d25"
  } ]
}