{
  "97a37ec34a5170fa9086ca65355f153c" : {
    "statistic" : {
      "failed" : 0,
      "broken" : 0,
      "skipped" : 0,
      "passed" : 1,
      "unknown" : 0,
      "total" : 1
    },
    "items" : [ {
      "uid" : "d80f89f24e4c4caf",
      "status" : "passed",
      "time" : {
        "start" : 1659570196342,
        "stop" : 1659570202117,
        "duration" : 5775
      }
    } ]
  },
  "c1ac364d041f903f2fc3ac139f107ca8" : {
    "statistic" : {
      "failed" : 0,
      "broken" : 0,
      "skipped" : 0,
      "passed" : 1,
      "unknown" : 0,
      "total" : 1
    },
    "items" : [ {
      "uid" : "ef6d85bbb16e33ea",
      "status" : "passed",
      "time" : {
        "start" : 1659570196342,
        "stop" : 1659570201524,
        "duration" : 5182
      }
    } ]
  }
}